Player,2019-20,2020-21,2021-22,2022-23,2023-24,2024-25,Signed Using,Guaranteed
Stephen Curry,"$40,231,758 ","$43,006,362 ","$45,780,966 ",,,,Bird Rights,"$129,019,086 "
Chris Paul,"$38,506,482 ","$41,358,814 ","$44,211,146 ",,,,Bird Rights,"$79,865,296 "
Russell Westbrook,"$38,178,000 ","$41,006,000 ","$43,848,000 ","$46,662,000 ",,,Bird Rights,"$123,032,000 "
John Wall,"$37,800,000 ","$40,824,000 ","$43,848,000 ","$46,872,000 ",,,Bird Rights,"$122,472,000 "
James Harden,"$37,800,000 ","$40,824,000 ","$43,848,000 ","$46,872,000 ",,,Bird Rights,"$122,472,000 "
LeBron James,"$37,436,858 ","$39,219,565 ","$41,002,273 ",,,,Cap Space,"$76,656,423 "
Kevin Durant,"$37,199,000 ","$39,058,950 ","$40,918,900 ","$42,778,850 ",,,Sign and Trade,"$117,176,850 "
Blake Griffin,"$34,234,964 ","$36,595,996 ","$38,957,028 ",,,,Bird Rights,"$70,830,960 "
Kyle Lowry,"$33,296,296 ","$30,000,000 ",,,,,Bird Rights,"$63,296,296 "
Paul George,"$33,005,556 ","$35,450,412 ","$37,895,268 ",,,,Maximum Salary,"$68,455,968 "
Klay Thompson,"$32,742,000 ","$35,361,360 ","$37,980,720 ","$40,600,080 ","$43,219,440 ",,Bird Rights,"$189,903,600 "
Jimmy Butler,"$32,742,000 ","$34,379,100 ","$36,016,200 ","$37,653,300 ",,,Sign and Trade,"$103,137,300 "
Kemba Walker,"$32,742,000 ","$34,379,100 ","$36,016,200 ","$37,653,300 ",,,Sign and Trade,"$103,137,300 "
Kawhi Leonard,"$32,742,000 ","$34,379,100 ","$36,016,200 ",,,,Cap Space,"$67,121,100 "
Gordon Hayward,"$32,700,690 ","$34,187,085 ",,,,,Cap space,"$32,700,690 "
Mike Conley,"$32,511,623 ","$34,504,132 ",,,,,Cap Space,"$54,938,006 "
Kyrie Irving,"$31,742,000 ","$33,329,100 ","$34,916,200 ","$36,503,300 ",,,Cap space,"$136,490,600 "
Tobias Harris,"$31,034,483 ","$33,517,241 ","$36,000,000 ","$38,482,759 ","$40,965,517 ",,Bird Rights,"$180,000,000 "
Khris Middleton,"$30,603,448 ","$33,051,724 ","$35,500,000 ","$37,948,276 ","$40,396,552 ",,Bird Rights,"$137,103,448 "
Paul Millsap,"$30,500,000 ",,,,,,Cap space,"$30,500,000 "
Damian Lillard,"$29,802,321 ","$31,626,953 ","$43,750,000 ","$47,250,000 ","$50,750,000 ","$54,250,000 ",1st Round Pick,"$257,429,274 "
Kevin Love,"$28,900,000 ","$31,300,000 ","$31,300,000 ","$28,900,000 ",,,Bird Rights,"$120,400,000 "
Nikola Vučević,"$28,000,000 ","$26,000,000 ","$24,000,000 ","$22,000,000 ",,,Bird Rights,"$100,000,000 "
Al Horford,"$28,000,000 ","$27,500,000 ","$27,000,000 ","$26,500,000 ",,,Cap Space,"$97,000,000 "
DeMar DeRozan,"$27,739,975 ","$27,739,975 ",,,,,Cap Space,"$27,739,975 "
CJ McCollum,"$27,556,959 ","$29,354,152 ","$30,864,198 ","$33,333,333 ","$35,802,469 ",,1st Round Pick,"$156,911,111 "
Joel Embiid,"$27,504,630 ","$29,542,010 ","$31,579,390 ","$33,616,770 ",,,1st Round Pick,"$122,242,800 "
Andrew Wiggins,"$27,504,630 ","$29,542,010 ","$31,579,390 ","$33,616,770 ",,,1st Round Pick,"$122,242,800 "
Kristaps Porziņģis,"$27,285,000 ","$29,467,800 ","$31,650,600 ","$33,833,400 ","$36,016,200 ",,Bird Rights,"$122,236,800 "
D'Angelo Russell,"$27,285,000 ","$28,649,250 ","$30,013,500 ","$31,377,750 ",,,Sign and Trade,"$117,325,500 "
Otto Porter,"$27,250,576 ","$28,489,239 ",,,,,Bird Rights,"$27,250,576 "
Devin Booker,"$27,250,000 ","$29,430,000 ","$31,610,000 ","$33,790,000 ","$35,970,000 ",,1st round pick,"$158,050,000 "
Karl-Anthony Towns,"$27,250,000 ","$29,430,000 ","$31,610,000 ","$33,790,000 ","$35,970,000 ",,1st Round Pick,"$155,870,000 "
Bradley Beal,"$27,093,019 ","$28,751,775 ","$34,502,130 ","$37,262,300 ",,,Cap Space,"$90,346,924 "
Anthony Davis,"$27,093,019 ","$28,751,775 ",,,,,1st Round Pick,"$27,093,019 "
Andre Drummond,"$27,093,019 ","$28,751,775 ",,,,,Cap Space,"$27,093,019 "
Hassan Whiteside,"$27,093,018 ",,,,,,Cap Space,"$27,093,018 "
Nikola Jokić,"$26,573,595 ","$28,542,009 ","$30,510,423 ","$32,478,837 ",,,Bird Rights,"$118,104,864 "
Jrue Holiday,"$26,131,111 ","$26,131,111 ","$27,020,000 ",,,,Bird Rights,"$52,262,222 "
LaMarcus Aldridge,"$26,000,000 ","$24,000,000 ",,,,,Cap Space,"$50,000,000 "
Steven Adams,"$25,842,697 ","$27,528,090 ",,,,,1st Round Pick,"$53,370,787 "
Giannis Antetokounmpo,"$25,842,697 ","$27,528,090 ",,,,,1st Round Pick,"$53,370,787 "
Marc Gasol,"$25,595,700 ",,,,,,Bird Rights,"$25,595,700 "
Nicolas Batum,"$25,565,217 ","$27,130,434 ",,,,,Cap Space,"$25,565,217 "
Chandler Parsons,"$25,102,511 ",,,,,,,"$25,102,511 "
Rudy Gobert,"$25,008,427 ","$26,525,281 ",,,,,1st Round Pick,"$51,533,708 "
Harrison Barnes,"$24,147,727 ","$22,215,909 ","$20,284,091 ","$18,352,273 ",,,Bird Rights,"$85,000,000 "
Serge Ibaka,"$23,271,604 ",,,,,,Cap space,"$23,271,604 "
Danilo Gallinari,"$22,615,559 ",,,,,,Sign and Trade,"$22,615,559 "
Victor Oladipo,"$21,000,000 ","$21,000,000 ",,,,,1st Round Pick,"$42,000,000 "
Malcolm Brogdon,"$20,000,000 ","$20,700,000 ","$21,700,000 ","$22,600,000 ",,,Sign and Trade,"$85,000,000 "
Terry Rozier,"$19,894,737 ","$18,900,000 ","$17,905,263 ",,,,Sign and Trade,"$56,700,000 "
Aaron Gordon,"$19,863,636 ","$18,136,364 ","$16,409,091 ",,,,Bird Rights,"$54,409,091 "
Zach LaVine,"$19,500,000 ","$19,500,000 ","$19,500,000 ",,,,Cap space,"$58,500,000 "
Kent Bazemore,"$19,269,662 ",,,,,,Cap Space,"$19,269,662 "
Tyler Johnson,"$19,245,370 ",,,,,,,"$19,245,370 "
Goran Dragić,"$19,217,900 ",,,,,,Bird Rights,"$19,217,900 "
Jeff Teague,"$19,000,000 ",,,,,,Cap space,"$19,000,000 "
Evan Turner,"$18,606,557 ",,,,,,Cap Space,"$18,606,557 "
Draymond Green,"$18,539,130 ","$22,246,956 ","$24,026,712 ","$25,806,469 ","$27,586,225 ",,Bird Rights,"$90,619,267 "
Tristan Thompson,"$18,539,130 ",,,,,,Bird Rights,"$18,539,130 "
Tim Hardaway,"$18,150,000 ","$18,975,000 ",,,,,Cap space,"$18,150,000 "
Myles Turner,"$18,000,000 ","$18,000,000 ","$18,000,000 ","$18,000,000 ",,,1st Round pick,"$72,000,000 "
Julius Randle,"$18,000,000 ","$18,900,000 ","$19,800,000 ",,,,Cap Space,"$40,900,000 "
Gary Harris,"$17,839,286 ","$19,160,714 ","$20,482,143 ",,,,1st Round Pick,"$57,482,143 "
Allen Crabbe,"$17,818,456 ",,,,,,,"$17,818,456 "
Derrick Favors,"$17,650,000 ",,,,,,Bird Rights,"$17,650,000 "
Reggie Jackson,"$17,286,956 ",,,,,,,"$17,286,956 "
Andre Iguodala,"$17,185,185 ","$15,000,000 ","$15,000,000 ",,,,Bird Rights,"$32,185,185 "
Bojan Bogdanović,"$17,000,000 ","$17,850,000 ","$18,700,000 ","$19,550,000 ",,,Cap Space,"$73,100,000 "
Evan Fournier,"$17,000,000 ","$17,000,000 ",,,,,Cap Space,"$17,000,000 "
Bismack Biyombo,"$17,000,000 ",,,,,,Cap Space,"$17,000,000 "
Clint Capela,"$16,456,522 ","$17,500,000 ","$18,543,478 ","$19,586,957 ",,,Bird Rights,"$72,086,957 "
Gorgui Dieng,"$16,229,213 ","$17,287,640 ",,,,,1st Round Pick,"$33,516,853 "
Ricky Rubio,"$16,190,476 ","$17,000,000 ","$17,809,524 ",,,,Cap Space,"$51,000,000 "
Jonas Valančiūnas,"$16,000,000 ","$15,000,000 ","$14,000,000 ",,,,Bird Rights,"$45,000,000 "
Brandon Knight,"$15,643,750 ",,,,,,Bird Rights,"$15,643,750 "
Eric Bledsoe,"$15,625,000 ","$16,875,000 ","$18,125,000 ","$19,375,000 ",,,Bird Rights,"$54,525,000 "
Kelly Oubre,"$15,625,000 ","$14,375,000 ",,,,,Bird Rights,"$30,000,000 "
Dennis Schröder,"$15,500,000 ","$15,500,000 ",,,,,1st Round Pick,"$31,000,000 "
Ian Mahinmi,"$15,450,051 ",,,,,,Cap Space,"$15,450,051 "
James Johnson,"$15,349,400 ","$16,047,100 ",,,,,Cap space,"$15,349,400 "
Marvin Williams,"$15,006,250 ",,,,,,,"$15,006,250 "
Bobby Portis,"$15,000,000 ","$15,750,000 ",,,,,Cap Space,"$15,000,000 "
Marcus Morris,"$15,000,000 ",,,,,,Cap Space,"$15,000,000 "
Danny Green,"$14,634,146 ","$15,365,854 ",,,,,Cap Space,"$30,000,000 "
Cody Zeller,"$14,471,910 ","$15,415,730 ",,,,,1st Round Pick,"$29,887,640 "
Eric Gordon,"$14,057,730 ","$16,869,276 ","$18,218,818 ","$19,568,360 ","$20,917,902 ",,Cap Space,"$68,714,184 "
Mason Plumlee,"$14,041,096 ",,,,,,Cap space,"$14,041,096 "
Rudy Gay,"$14,000,000 ","$14,000,000 ",,,,,Early Bird Rights,"$28,000,000 "
J.J. Redick,"$13,486,300 ","$13,013,700 ",,,,,Cap Space,"$26,500,000 "
Jordan Clarkson,"$13,437,500 ",,,,,,Cap Space,"$13,437,500 "
Dewayne Dedmon,"$13,333,334 ","$13,333,333 ","$13,333,333 ",,,,Cap space,"$40,000,000 "
Solomon Hill,"$13,258,781 ",,,,,,Cap Space,"$13,258,781 "
Justise Winslow,"$13,000,000 ","$13,000,000 ","$13,000,000 ",,,,1st Round Pick,"$26,000,000 "
Michael Kidd-Gilchrist,"$13,000,000 ",,,,,,,"$13,000,000 "
Will Barton,"$12,960,000 ","$13,920,000 ","$14,880,000 ",,,,Bird Rights,"$26,880,000 "
Thaddeus Young,"$12,900,000 ","$13,545,000 ","$14,190,000 ",,,,Cap space,"$32,445,000 "
Courtney Lee,"$12,759,670 ",,,,,,Cap Space,"$12,759,670 "
Larry Nance,"$12,727,273 ","$11,709,091 ","$10,690,909 ","$9,672,727 ",,,1st Round pick,"$44,800,000 "
Marcus Smart,"$12,553,471 ","$13,446,428 ","$14,339,285 ",,,,Bird Rights,"$40,339,184 "
Terrence Ross,"$12,500,000 ","$13,500,000 ","$12,500,000 ","$11,500,000 ",,,Bird Rights,"$50,000,000 "
Miles Plumlee,"$12,500,000 ",,,,,,,"$12,500,000 "
Patty Mills,"$12,428,571 ","$13,285,714 ",,,,,Bird Rights,"$25,714,285 "
Patrick Beverley,"$12,345,679 ","$13,333,333 ","$14,320,988 ",,,,Bird Rights,"$40,000,000 "
Trevor Ariza,"$12,200,000 ","$12,800,000 ",,,,,Cap Space,"$14,000,000 "
Dion Waiters,"$12,100,000 ","$12,650,000 ",,,,,,"$24,750,000 "
Brook Lopez,"$12,093,024 ","$12,697,675 ","$13,302,325 ","$13,906,976 ",,,Cap Space,"$52,000,000 "
Jusuf Nurkić,"$12,000,000 ","$12,000,000 ","$12,000,000 ",,,,Bird Rights,"$28,000,000 "
Cory Joseph,"$12,000,000 ","$12,600,000 ","$12,600,000 ",,,,Cap Space,"$24,600,000 "
Joe Ingles,"$11,954,546 ","$10,863,637 ","$14,000,000 ",,,,Bird Rights,"$36,818,183 "
Kelly Olynyk,"$11,667,885 ","$12,198,243 ",,,,,Cap space,"$11,667,885 "
Maurice Harkless,"$11,511,234 ",,,,,,Cap Space,"$11,511,234 "
Tony Snell,"$11,392,857 ","$12,178,571 ",,,,,Cap space,"$11,392,857 "
Robert Covington,"$11,301,219 ","$12,138,345 ","$12,975,471 ",,,,Cap Space,"$36,415,035 "
Meyers Leonard,"$11,286,515 ",,,,,,Cap Space,"$11,286,515 "
T.J. Warren,"$10,810,000 ","$11,750,000 ","$12,690,000 ",,,,1st Round Pick,"$35,250,000 "
Andre Roberson,"$10,740,741 ",,,,,,Bird Rights,"$10,740,741 "
Spencer Dinwiddie,"$10,600,000 ","$11,400,000 ","$12,300,000 ",,,,Minimum Salary,"$22,000,000 "
Jeremy Lamb,"$10,500,000 ","$10,500,000 ","$10,500,000 ",,,,Cap Space,"$31,500,000 "
Dwight Powell,"$10,259,375 ","$10,185,185 ","$11,000,000 ","$11,814,815 ",,,Cap Space,"$43,259,375 "
Norman Powell,"$10,116,576 ","$10,865,952 ","$11,615,328 ",,,,Cap Space,"$20,982,528 "
Josh Richardson,"$10,100,000 ","$10,800,000 ","$11,600,000 ",,,,Minimum Salary,"$20,900,000 "
Tomáš Satoranský,"$10,000,000 ","$10,000,000 ","$10,000,000 ",,,,Sign and Trade,"$25,000,000 "
DeAndre Jordan,"$9,881,598 ","$10,375,678 ","$9,881,598 ","$9,821,842 ",,,Cap space,"$39,960,716 "
Taj Gibson,"$9,800,000 ","$10,290,000 ",,,,,Cap Space,"$9,800,000 "
Zion Williamson,"$9,757,440 ","$10,245,480 ","$10,733,400 ","$13,534,817 ",,,1st Round Pick,"$20,002,920 "
Markelle Fultz,"$9,745,200 ","$12,288,697 ",,,,,1st Round Pick,"$22,033,897 "
John Henson,"$9,732,396 ",,,,,,1st Round Pick,"$9,732,396 "
Matthew Dellavedova,"$9,607,500 ",,,,,,Cap Space,"$9,607,500 "
Dante Exum,"$9,600,000 ","$9,600,000 ",,,,,Cap Space,"$18,200,000 "
Deandre Ayton,"$9,562,920 ","$10,018,200 ","$12,632,950 ",,,,1st Round Pick,"$19,581,120 "
Delon Wright,"$9,473,684 ","$9,000,000 ","$8,526,316 ",,,,Sign and Trade,"$27,000,000 "
Jerami Grant,"$9,346,153 ","$9,346,153 ",,,,,Bird Rights,"$9,346,153 "
Al-Farouq Aminu,"$9,258,000 ","$9,720,900 ","$10,183,800 ",,,,MLE,"$29,162,700 "
George Hill,"$9,133,907 ","$9,590,602 ","$10,047,297 ",,,,Cap Space,"$21,000,000 "
Kyle Anderson,"$9,073,050 ","$9,505,100 ","$9,937,150 ",,,,MLE,"$28,515,300 "
Fred VanVleet,"$9,000,000 ",,,,,,Bird Rights,"$9,000,000 "
Ja Morant,"$8,730,240 ","$9,166,800 ","$9,603,360 ","$12,119,440 ",,,1st Round Pick,"$17,897,040 "
C.J. Miles,"$8,730,158 ",,,,,,,"$8,730,158 "
Lonzo Ball,"$8,719,320 ","$11,003,782 ",,,,,1st Round Pick,"$19,723,102 "
E'Twaun Moore,"$8,664,928 ",,,,,,Cap Space,"$8,664,928 "
Marvin Bagley,"$8,556,120 ","$8,963,640 ","$11,312,114 ",,,,1st Round Pick,"$17,519,760 "
Bogdan Bogdanović,"$8,529,386 ",,,,,,Cap space,"$8,529,386 "
Tyus Jones,"$8,408,000 ","$7,965,100 ","$7,522,200 ",,,,MLE,"$23,895,300 "
P.J. Tucker,"$8,349,039 ","$7,969,537 ",,,,,MLE,"$16,318,576 "
Cristiano Felício,"$8,156,500 ","$7,529,020 ",,,,,Cap space,"$15,685,520 "
Ben Simmons,"$8,113,930 ","$29,250,000 ","$31,590,000 ","$33,930,000 ","$36,270,000 ","$38,610,000 ",1st Round pick,"$177,763,930 "
Kentavious Caldwell-Pope,"$8,089,282 ","$8,493,746 ",,,,,Cap Space,"$8,089,282 "
Maxi Kleber,"$8,000,000 ","$8,250,000 ","$8,750,000 ","$9,000,000 ",,,Early Bird Rights,"$25,000,000 "
Lou Williams,"$8,000,000 ","$8,000,000 ",,,,,Cap Space,"$16,000,000 "
Elfrid Payton,"$8,000,000 ","$8,000,000 ",,,,,Cap Space,"$9,000,000 "
Thomas Bryant,"$7,936,508 ","$8,333,333 ","$8,730,159 ",,,,Early Bird Rights,"$25,000,000 "
RJ Barrett,"$7,839,960 ","$8,231,760 ","$8,623,920 ","$10,900,635 ",,,1st Round Pick,"$16,071,720 "
Jayson Tatum,"$7,830,000 ","$9,897,120 ",,,,,1st Round Pick,"$17,727,120 "
Jae Crowder,"$7,815,533 ",,,,,,Bird Rights,"$7,815,533 "
Wayne Ellington,"$7,804,878 ","$8,195,122 ",,,,,Cap Space,"$7,804,878 "
Luka Dončić,"$7,683,360 ","$8,049,360 ","$10,174,391 ",,,,1st Round Pick,"$15,732,720 "
Joe Harris,"$7,670,000 ",,,,,,Early Bird Rights,"$7,670,000 "
Seth Curry,"$7,441,860 ","$7,813,953 ","$8,186,047 ","$8,558,140 ",,,MLE,"$32,000,000 "
Doug McDermott,"$7,333,334 ","$7,333,333 ",,,,,Cap Space,"$14,666,667 "
Langston Galloway,"$7,333,333 ",,,,,,MLE,"$7,333,333 "
Derrick Rose,"$7,317,073 ","$7,682,927 ",,,,,MLE,"$15,000,000 "
Brandon Ingram,"$7,265,485 ",,,,,,1st Round pick,"$7,265,485 "
D.J. Augustin,"$7,250,000 ",,,,,,Cap Space,"$7,250,000 "
Darius Miller,"$7,250,000 ","$7,000,000 ",,,,,Early Bird Rights,"$7,250,000 "
De'Andre Hunter,"$7,068,360 ","$7,422,000 ","$7,775,400 ","$9,835,881 ",,,1st Round Pick,"$14,490,360 "
Josh Jackson,"$7,059,480 ",,,,,,1st Round Pick,"$7,059,480 "
Dāvis Bertāns,"$7,000,000 ",,,,,,Early Bird Rights,"$7,000,000 "
Ersan İlyasova,"$7,000,000 ","$7,000,000 ",,,,,MLE,"$7,000,000 "
Jaren Jackson,"$6,927,480 ","$7,257,360 ","$9,180,560 ",,,,1st Round Pick,"$14,184,840 "
DeMarre Carroll,"$6,842,307 ","$6,167,887 ","$1,252,127 ",,,,,"$14,262,321 "
Nemanja Bjelica,"$6,825,000 ","$7,150,000 ",,,,,Cap Space,"$6,825,000 "
Jaylen Brown,"$6,534,829 ","$22,991,071 ","$24,830,357 ","$26,669,643 ","$28,508,929 ",,1st Round pick,"$109,534,829 "
Jabari Parker,"$6,500,000 ","$6,500,000 ",,,,,Cap Space,"$6,500,000 "
Ivica Zubac,"$6,481,482 ","$7,000,000 ","$7,518,518 ","$7,518,518 ",,,Bird Rights,"$21,000,000 "
Joakim Noah,"$6,431,666 ","$6,431,666 ","$6,431,666 ",,,,,"$19,294,998 "
Darius Garland,"$6,400,920 ","$6,720,720 ","$7,040,880 ","$8,920,795 ",,,1st Round Pick,"$13,121,640 "
De'Aaron Fox,"$6,392,760 ","$8,099,627 ",,,,,1st Round Pick,"$14,492,387 "
Trae Young,"$6,273,000 ","$6,571,800 ","$8,326,471 ",,,,1st Round Pick,"$12,844,800 "
Montrezl Harrell,"$6,000,000 ",,,,,,Bird Rights,"$6,000,000 "
Ish Smith,"$5,853,659 ","$6,146,341 ",,,,,MLE,"$12,000,000 "
Marco Belinelli,"$5,846,154 ",,,,,,MLE,"$5,846,154 "
Jarrett Culver,"$5,813,640 ","$6,104,280 ","$6,395,160 ","$8,109,063 ",,,1st Round Pick,"$11,917,920 "
Jonathan Isaac,"$5,806,440 ","$7,362,566 ",,,,,1st Round Pick,"$13,169,006 "
Rodney Hood,"$5,718,000 ","$6,003,900 ",,,,,MLE,"$5,718,000 "
Mohamed Bamba,"$5,697,600 ","$5,969,040 ","$7,568,742 ",,,,1st Round Pick,"$11,666,640 "
Timofey Mozgov,"$5,573,333 ","$5,573,333 ","$5,573,334 ",,,,,"$16,720,000 "
Trey Lyles,"$5,500,000 ","$5,500,000 ",,,,,MLE,"$5,500,000 "
Deron Williams,"$5,474,787 ",,,,,,,"$5,474,787 "
Aron Baynes,"$5,453,280 ",,,,,,Non-Bird Exception,"$5,453,280 "
Kris Dunn,"$5,348,007 ",,,,,,1st Round pick,"$5,348,007 "
Josh Smith,"$5,331,729 ",,,,,,,"$5,331,729 "
Coby White,"$5,307,120 ","$5,572,680 ","$5,837,760 ","$7,413,955 ",,,1st Round Pick,"$10,879,800 "
Lauri Markkanen,"$5,300,400 ","$6,731,508 ",,,,,1st Round Pick,"$12,031,908 "
Ryan Anderson,"$5,214,583 ","$5,214,583 ","$5,214,584 ",,,,,"$15,643,750 "
Wendell Carter,"$5,201,400 ","$5,448,840 ","$6,920,027 ",,,,1st Round Pick,"$10,650,240 "
Pau Gasol,"$5,100,000 ",,,,,,,"$5,100,000 "
Daniel Theis,"$5,000,000 ","$5,000,000 ",,,,,Early Bird Rights,"$5,000,000 "
Luol Deng,"$4,990,000 ","$4,990,000 ","$4,990,000 ",,,,,"$14,970,000 "
Jaxson Hayes,"$4,862,040 ","$5,105,160 ","$5,348,280 ","$6,803,012 ",,,1st Round Pick,"$9,967,200 "
Buddy Hield,"$4,861,208 ","$24,431,818 ","$22,477,273 ","$20,522,727 ","$18,568,182 ",,1st Round pick,"$90,861,208 "
Frank Ntilikina,"$4,855,800 ","$6,176,578 ",,,,,1st Round Pick,"$11,032,378 "
Ed Davis,"$4,767,000 ","$5,005,350 ",,,,,Room Exception,"$9,772,350 "
Richaun Holmes,"$4,767,000 ","$5,005,350 ",,,,,Room Exception,"$9,772,350 "
Frank Kaminsky,"$4,767,000 ","$5,005,350 ",,,,,Room Exception,"$9,772,350 "
Mike Scott,"$4,767,000 ","$5,005,350 ",,,,,Room Exception,"$9,772,350 "
Avery Bradley,"$4,767,000 ","$5,005,350 ",,,,,Room Exception,"$9,772,350 "
Robin Lopez,"$4,767,000 ","$5,005,350 ",,,,,Room Exception,"$4,767,000 "
JaMychal Green,"$4,767,000 ","$5,005,350 ",,,,,Room Exception,"$4,767,000 "
Justin Holiday,"$4,767,000 ",,,,,,Room Exception,"$4,767,000 "
Garrett Temple,"$4,767,000 ","$5,005,350 ",,,,,Room Exception,"$4,767,000 "
Enes Kanter,"$4,767,000 ","$5,005,350 ",,,,,Room Exception,"$4,767,000 "
Collin Sexton,"$4,764,960 ","$4,991,880 ","$6,349,671 ",,,,1st Round Pick,"$9,756,840 "
Rodney McGruder,"$4,629,630 ","$5,000,000 ","$5,370,370 ",,,,Cap Space,"$15,000,000 "
Rui Hachimura,"$4,469,160 ","$4,692,840 ","$4,916,160 ","$6,263,188 ",,,1st Round Pick,"$9,162,000 "
Kevon Looney,"$4,464,286 ","$4,821,429 ","$5,178,572 ",,,,Bird Rights,"$9,285,715 "
Dennis Smith,"$4,463,640 ","$5,686,677 ",,,,,1st Round Pick,"$10,150,317 "
Jamal Murray,"$4,444,746 ","$29,250,000 ","$31,590,000 ","$33,930,000 ","$36,270,000 ","$38,610,000 ",1st Round pick,"$174,094,746 "
Kevin Knox,"$4,380,120 ","$4,588,680 ","$5,845,978 ",,,,1st Round Pick,"$8,968,800 "
Cam Reddish,"$4,245,720 ","$4,458,000 ","$4,670,160 ","$5,954,454 ",,,1st Round Pick,"$8,703,720 "
Zach Collins,"$4,240,200 ","$5,406,255 ",,,,,1st Round Pick,"$9,646,455 "
Mikal Bridges,"$4,161,000 ","$4,359,000 ","$5,557,725 ",,,,1st Round Pick,"$8,520,000 "
Alex Len,"$4,160,000 ",,,,,,Room Exception,"$4,160,000 "
Cameron Johnson,"$4,033,440 ","$4,235,160 ","$4,437,000 ","$5,887,899 ",,,1st Round Pick,"$8,268,600 "
Malik Monk,"$4,028,400 ","$5,345,687 ",,,,,1st Round Pick,"$9,374,087 "
Dorian Finney-Smith,"$4,000,000 ","$4,000,000 ","$4,000,000 ",,,,Bird Rights,"$12,000,000 "
JaVale McGee,"$4,000,000 ","$4,200,000 ",,,,,Cap Space,"$8,200,000 "
Patrick McCaw,"$4,000,000 ","$4,000,000 ",,,,,MLE,"$8,000,000 "
Reggie Bullock,"$4,000,000 ","$4,200,000 ",,,,,Room Exception,"$5,000,000 "
Shai Gilgeous-Alexander,"$3,952,920 ","$4,141,320 ","$5,495,532 ",,,,1st Round Pick,"$8,094,240 "
Nicolò Melli,"$3,902,439 ","$4,097,561 ",,,,,Room Exception,"$8,000,000 "
P.J. Washington,"$3,831,840 ","$4,023,600 ","$4,215,120 ","$5,808,435 ",,,1st Round Pick,"$7,855,440 "
Luke Kennard,"$3,827,160 ","$5,273,826 ",,,,,1st Round Pick,"$9,100,986 "
Miles Bridges,"$3,755,400 ","$3,934,320 ","$5,421,493 ",,,,1st Round Pick,"$7,689,720 "
Jakob Poeltl,"$3,754,886 ",,,,,,1st Round pick,"$3,754,886 "
Tyler Herro,"$3,640,200 ","$3,822,240 ","$4,004,280 ","$5,722,116 ",,,1st Round Pick,"$7,462,440 "
Donovan Mitchell,"$3,635,760 ","$5,195,501 ",,,,,1st Round Pick,"$8,831,261 "
Stanley Johnson,"$3,623,000 ","$3,801,000 ",,,,,Bi-annual Exception,"$3,623,000 "
Jake Layman,"$3,581,986 ","$3,761,085 ","$3,940,184 ",,,,Sign and Trade,"$11,283,255 "
Thon Maker,"$3,569,643 ",,,,,,1st Round pick,"$3,569,643 "
Jerome Robinson,"$3,567,720 ","$3,737,520 ","$5,340,916 ",,,,1st Round Pick,"$7,305,240 "
Allonzo Trier,"$3,551,100 ",,,,,,,"$3,551,100 "
Danuel House,"$3,540,000 ","$3,717,000 ","$3,894,000 ",,,,MLE,"$11,151,000 "
Domantas Sabonis,"$3,529,555 ","$17,187,500 ","$18,562,500 ","$19,937,500 ","$21,312,500 ",,1st Round pick,"$80,529,555 "
Mirza Teletović,"$3,500,000 ","$3,500,000 ",,,,,,"$7,000,000 "
Boban Marjanović,"$3,500,000 ","$3,500,000 ",,,,,Bi-Annual Exception,"$7,000,000 "
T.J. McConnell,"$3,500,000 ","$3,500,000 ",,,,,Cap Space,"$4,500,000 "
DeMarcus Cousins,"$3,500,000 ",,,,,,,"$3,500,000 "
Taurean Waller-Prince,"$3,481,986 ","$13,942,308 ","$15,057,692 ",,,,1st Round pick,"$32,481,986 "
Dario Šarić,"$3,481,986 ",,,,,,1st Round pick,"$3,481,986 "
Romeo Langford,"$3,458,400 ","$3,631,200 ","$3,804,360 ","$5,634,257 ",,,1st Round Pick,"$7,089,600 "
Bam Adebayo,"$3,454,080 ","$5,115,492 ",,,,,1st Round Pick,"$8,569,572 "
Kyle Korver,"$3,440,000 ",,,,,,,"$3,440,000 "
Michael Porter,"$3,389,400 ","$3,550,800 ","$5,258,735 ",,,,1st Round Pick,"$6,940,200 "
Denzel Valentine,"$3,377,569 ",,,,,,1st Round pick,"$3,377,569 "
Juan Hernangómez,"$3,321,030 ",,,,,,1st Round pick,"$3,321,030 "
Sekou Doumbouya,"$3,285,120 ","$3,449,400 ","$3,613,680 ","$5,539,771 ",,,1st Round Pick,"$6,734,520 "
Justin Jackson,"$3,280,920 ","$5,029,650 ",,,,,1st Round Pick,"$8,310,570 "
Troy Brown,"$3,219,480 ","$3,372,840 ","$5,170,564 ",,,,1st Round Pick,"$6,592,320 "
Jon Leuer,"$3,169,348 ","$3,169,348 ","$3,169,347 ",,,,,"$9,508,043 "
Yogi Ferrell,"$3,150,000 ",,,,,,Cap Space,"$3,150,000 "
Guerschon Yabusele,"$3,117,240 ",,,,,,,"$3,117,240 "
Zhaire Smith,"$3,058,800 ","$3,204,600 ","$4,915,856 ",,,,1st Round Pick,"$6,263,400 "
Dwight Howard,"$3,039,097 ",,,,,,,"$3,039,097 "
Khem Birch,"$3,000,000 ","$3,000,000 ",,,,,Early Bird Rights,"$6,000,000 "
Ryan Arcidiacono,"$3,000,000 ","$3,000,000 ","$3,000,000 ",,,,Cap space,"$6,000,000 "
Quinn Cook,"$3,000,000 ","$3,000,000 ",,,,,Cap Space,"$4,000,000 "
Ömer Aşık,"$3,000,000 ",,,,,,,"$3,000,000 "
Nickeil Alexander-Walker,"$2,964,840 ","$3,113,160 ","$3,261,480 ","$5,009,633 ",,,1st Round Pick,"$6,078,000 "
D.J. Wilson,"$2,961,120 ","$4,548,280 ",,,,,1st Round Pick,"$7,509,400 "
Cedi Osman,"$2,907,143 ","$8,750,000 ","$8,050,000 ","$7,350,000 ","$6,650,000 ",,MLE,"$27,057,143 "
Donte DiVincenzo,"$2,905,800 ","$3,044,160 ","$4,675,830 ",,,,1st Round Pick,"$5,949,960 "
Bryn Forbes,"$2,875,000 ",,,,,,Early Bird Rights,"$2,875,000 "
Andrew Nicholson,"$2,844,429 ","$2,844,429 ","$2,844,429 ","$2,844,429 ","$2,844,429 ",,,"$14,222,145 "
Goga Bitadze,"$2,816,760 ","$2,957,520 ","$3,098,400 ","$4,765,339 ",,,1st Round Pick,"$5,774,280 "
T.J. Leaf,"$2,813,280 ","$4,326,825 ",,,,,1st Round Pick,"$7,140,105 "
Lonnie Walker,"$2,760,480 ","$2,892,000 ","$4,447,896 ",,,,1st Round Pick,"$5,652,480 "
Alex Caruso,"$2,750,000 ","$2,750,000 ",,,,,Room Exception,"$5,500,000 "
Malik Beasley,"$2,731,714 ",,,,,,1st Round pick,"$2,731,714 "
Luka Šamanić,"$2,689,920 ","$2,824,320 ","$2,959,080 ","$4,556,983 ",,,1st Round Pick,"$5,514,240 "
John Collins,"$2,686,560 ","$4,137,302 ",,,,,1st Round Pick,"$6,823,862 "
Kevin Huerter,"$2,636,280 ","$2,761,920 ","$4,253,357 ",,,,1st Round Pick,"$5,398,200 "
Caris LeVert,"$2,625,718 ","$16,203,704 ","$17,500,000 ","$18,796,296 ",,,1st Round pick,"$55,125,718 "
Marko Guduric,"$2,625,000 ","$2,750,000 ",,,,,Bi-annual Exception,"$5,375,000 "
DeAndre' Bembry,"$2,603,982 ",,,,,,1st Round pick,"$2,603,982 "
Matisse Thybulle,"$2,582,160 ","$2,711,280 ","$2,840,160 ","$4,379,527 ",,,1st Round Pick,"$5,293,440 "
Harry Giles,"$2,578,800 ",,,,,,1st Round Pick,"$2,578,800 "
Jeff Green,"$2,564,753 ",,,,,,,"$2,564,753 "
Pau Gasol,"$2,564,753 ",,,,,,,"$2,564,753 "
Wesley Matthews,"$2,564,753 ","$2,692,991 ",,,,,Minimum Salary,"$2,564,753 "
Kyle Korver,"$2,564,753 ",,,,,,Minimum Salary,"$2,564,753 "
Udonis Haslem,"$2,564,753 ",,,,,,Minimum Salary,"$2,564,753 "
Jared Dudley,"$2,564,753 ",,,,,,Minimum Salary,"$2,564,753 "
Rajon Rondo,"$2,564,753 ","$2,619,605 ",,,,,Minimum Salary,"$2,564,753 "
Dwight Howard,"$2,564,753 ",,,,,,Minimum Salary,"$2,564,753 "
Thabo Sefolosha,"$2,564,753 ",,,,,,Minimum Salary,"$2,564,753 "
Tyson Chandler,"$2,564,753 ",,,,,,Minimum Salary,"$2,564,753 "
Gerald Green,"$2,564,753 ",,,,,,,"$2,564,753 "
J.J. Barea,"$2,564,753 ",,,,,,Minimum Salary,"$2,564,753 "
Wilson Chandler,"$2,564,753 ",,,,,,Minimum Salary,"$2,564,753 "
Nenê Hilário,"$2,564,753 ",,,,,,,"$2,564,753 "
Vince Carter,"$2,564,753 ",,,,,,Minimum Salary,"$2,564,753 "
Josh Okogie,"$2,530,680 ","$2,651,040 ","$4,087,904 ",,,,1st Round Pick,"$5,181,720 "
Vincent Poirier,"$2,505,793 ","$2,619,207 ",,,,,Minimum Salary,"$5,125,000 "
Rondae Hollis-Jefferson,"$2,500,000 ",,,,,,MLE,"$2,500,000 "
Brandon Clarke,"$2,478,840 ","$2,602,920 ","$2,726,880 ","$4,343,920 ",,,1st Round Pick,"$5,081,760 "
Terrance Ferguson,"$2,475,840 ","$3,944,013 ",,,,,1st Round Pick,"$6,419,853 "
Grayson Allen,"$2,429,400 ","$2,545,320 ","$4,054,695 ",,,,1st Round Pick,"$4,974,720 "
Anthony Tolliver,"$2,419,852 ",,,,,,,"$2,419,852 "
Grant Williams,"$2,379,840 ","$2,498,760 ","$2,617,800 ","$4,306,281 ",,,1st Round Pick,"$4,878,600 "
Jarrett Allen,"$2,376,840 ","$3,909,902 ",,,,,1st Round Pick,"$6,286,742 "
Pascal Siakam,"$2,351,839 ","$29,000,000 ","$31,320,000 ","$33,640,000 ","$35,960,000 ",,1st Round pick,"$132,271,839 "
Skal Labissière,"$2,338,847 ",,,,,,1st Round pick,"$2,338,847 "
Chandler Hutchison,"$2,332,320 ","$2,443,440 ","$4,019,459 ",,,,1st Round Pick,"$4,775,760 "
Patrick Patterson,"$2,331,593 ",,,,,,Minimum Salary,"$2,331,593 "
Dejounte Murray,"$2,321,735 ","$14,285,714 ","$15,428,571 ","$16,571,429 ","$17,714,286 ",,1st Round pick,"$66,321,735 "
Alec Burks,"$2,320,044 ",,,,,,Minimum Salary,"$2,320,044 "
Isaiah Thomas,"$2,320,044 ",,,,,,,"$2,320,044 "
Damian Jones,"$2,305,057 ",,,,,,1st Round pick,"$2,305,057 "
Darius Bazley,"$2,284,800 ","$2,399,160 ","$2,513,040 ","$4,264,629 ",,,1st Round Pick,"$4,683,960 "
OG Anunoby,"$2,281,800 ","$3,872,215 ",,,,,1st Round Pick,"$6,154,015 "
Ante Žižić,"$2,281,800 ",,,,,,1st Round Pick,"$2,281,800 "
Monta Ellis,"$2,245,400 ","$2,245,400 ","$2,245,400 ",,,,,"$6,736,200 "
Markieff Morris,"$2,241,808 ",,,,,,,"$2,241,808 "
Aaron Holiday,"$2,239,200 ","$2,345,640 ","$3,980,551 ",,,,1st Round Pick,"$4,584,840 "
Luke Kornet,"$2,195,122 ","$2,304,878 ",,,,,Room Exception,"$4,500,000 "
Ty Jerome,"$2,193,480 ","$2,303,040 ","$2,412,840 ","$4,220,057 ",,,1st Round Pick,"$4,496,520 "
Willie Cauley-Stein,"$2,177,483 ","$2,286,357 ",,,,,MLE,"$2,177,483 "
Austin Rivers,"$2,174,318 ","$2,369,663 ",,,,,Minimum Salary,"$2,174,318 "
Carmelo Anthony,"$2,159,029 ",,,,,,Minimum Salary,"$2,159,029 "
Anfernee Simons,"$2,149,560 ","$2,252,040 ","$3,938,818 ",,,,1st Round Pick,"$4,401,600 "
Matt Barnes,"$2,133,541 ",,,,,,,"$2,133,541 "
Nassir Little,"$2,105,520 ","$2,210,640 ","$2,316,240 ","$4,171,548 ",,,1st Round Pick,"$4,316,160 "
Torrey Craig,"$2,100,000 ",,,,,,Cap Space,"$2,100,000 "
Moritz Wagner,"$2,063,520 ","$2,161,920 ","$3,893,618 ",,,,1st Round Pick,"$4,225,440 "
Dylan Windler,"$2,035,800 ","$2,137,440 ","$2,239,200 ","$4,037,278 ",,,1st Round Pick,"$4,173,240 "
Caleb Swanigan,"$2,033,160 ",,,,,,1st Round Pick,"$2,033,160 "
Trey Burke,"$2,028,594 ",,,,,,,"$2,028,594 "
Kyle O'Quinn,"$2,028,594 ",,,,,,Minimum Salary,"$2,028,594 "
Michael Carter-Williams,"$2,028,594 ",,,,,,Minimum Salary,"$2,028,594 "
Mike Muscala,"$2,028,594 ","$2,283,034 ",,,,,Minimum Salary,"$2,028,594 "
Nerlens Noel,"$2,028,594 ",,,,,,Minimum Salary,"$2,028,594 "
Troy Daniels,"$2,028,594 ",,,,,,,"$2,028,594 "
Ben McLemore,"$2,028,594 ","$2,283,034 ",,,,,Minimum Salary,"$2,028,594 "
Spencer Hawes,"$2,007,058 ",,,,,,,"$2,007,058 "
Edmond Sumner,"$2,000,000 ","$2,160,000 ","$2,320,000 ",,,,Cap Space,"$4,160,000 "
Avery Bradley,"$2,000,000 ",,,,,,,"$2,000,000 "
Noah Vonleh,"$2,000,000 ",,,,,,MLE,"$2,000,000 "
Landry Shamet,"$1,995,120 ","$2,090,040 ","$3,768,342 ",,,,1st Round Pick,"$4,085,160 "
Mfiondu Kabengele,"$1,977,000 ","$2,075,880 ","$2,174,880 ","$3,923,484 ",,,1st Round Pick,"$4,052,880 "
Kyle Kuzma,"$1,974,600 ","$3,562,178 ",,,,,1st Round Pick,"$5,536,778 "
Jordan Poole,"$1,964,760 ","$2,063,280 ","$2,161,440 ","$3,901,399 ",,,1st Round Pick,"$4,028,040 "
Tony Bradley,"$1,962,360 ","$3,542,060 ",,,,,1st Round Pick,"$5,504,420 "
Keldon Johnson,"$1,950,600 ","$2,048,040 ","$2,145,720 ","$3,873,025 ",,,1st Round Pick,"$3,998,640 "
Derrick White,"$1,948,080 ","$3,516,284 ",,,,,1st Round Pick,"$5,464,364 "
Robert Williams,"$1,937,520 ","$2,029,920 ","$3,661,976 ",,,,1st Round Pick,"$3,967,440 "
Josh Hart,"$1,934,160 ","$3,491,159 ",,,,,1st Round Pick,"$5,425,319 "
Jacob Evans,"$1,925,880 ","$2,017,320 ","$3,641,263 ",,,,1st Round Pick,"$3,943,200 "
Anderson Varejão,"$1,913,345 ","$1,913,345 ",,,,,,"$3,826,690 "
Džanan Musa,"$1,911,600 ","$2,002,800 ","$3,615,054 ",,,,1st Round Pick,"$3,914,400 "
Omari Spellman,"$1,897,800 ","$1,988,280 ","$3,588,845 ",,,,1st Round Pick,"$3,886,080 "
Shabazz Napier,"$1,882,867 ",,,,,,Cap Space,"$1,882,867 "
Glenn Robinson,"$1,882,867 ","$2,071,978 ",,,,,Minimum Salary,"$1,882,867 "
James Ennis,"$1,882,867 ","$2,071,978 ",,,,,Minimum Salary,"$1,882,867 "
Tim Frazier,"$1,882,867 ",,,,,,,"$1,882,867 "
Larry Sanders,"$1,865,547 ","$1,865,547 ","$1,865,547 ",,,,,"$5,596,641 "
Bruno Caboclo,"$1,845,301 ",,,,,,Minimum Salary,"$1,845,301 "
Markieff Morris,"$1,750,000 ",,,,,,DPE,"$1,750,000 "
Mario Hezonja,"$1,737,145 ","$1,882,867 ",,,,,Minimum Salary,"$3,620,012 "
Emmanuel Mudiay,"$1,737,145 ",,,,,,Minimum Salary,"$1,737,145 "
Raul Neto,"$1,737,145 ",,,,,,Minimum Salary,"$1,737,145 "
JaKarr Sampson,"$1,737,145 ",,,,,,Minimum Salary,"$1,737,145 "
Pat Connaughton,"$1,723,050 ",,,,,,MLE,"$1,723,050 "
Jahlil Okafor,"$1,702,486 ",,,,,,Minimum Salary,"$1,702,486 "
Rodions Kurucs,"$1,699,236 ","$1,780,152 ","$1,861,068 ",,,,Cap space,"$3,479,388 "
Jonah Bolden,"$1,698,450 ",,,,,,,"$1,698,450 "
Georges Niang,"$1,678,854 ","$1,783,557 ",,,,,Non-Bird Exception,"$1,678,854 "
Cheick Diallo,"$1,678,854 ","$1,824,003 ",,,,,Minimum Salary,"$1,678,854 "
Dragan Bender,"$1,678,854 ",,,,,,,"$1,678,854 "
David Nwaba,"$1,678,854 ",,,,,,,"$1,678,854 "
Treveon Graham,"$1,678,854 ",,,,,,Minimum Salary,"$1,678,854 "
Willy Hernangómez,"$1,676,735 ",,,,,,Cap Space,"$1,676,735 "
Derrick Jones,"$1,645,357 ",,,,,,Minimum Salary,"$1,645,357 "
Jordan McRae,"$1,645,357 ",,,,,,Minimum Salary,"$1,645,357 "
Christian Wood,"$1,645,357 ",,,,,,Minimum Salary,"$1,645,357 "
Furkan Korkmaz,"$1,620,564 ","$1,762,796 ",,,,,Minimum Salary,"$1,620,564 "
Jordan Bell,"$1,620,564 ",,,,,,,"$1,620,564 "
Justin Patton,"$1,620,564 ",,,,,,,"$1,620,564 "
Royce O'Neale,"$1,618,520 ","$8,035,714 ","$8,678,571 ","$9,321,429 ","$9,964,286 ",,Cap space,"$37,618,520 "
Dillon Brooks,"$1,618,520 ","$11,400,000 ","$12,200,000 ","$11,400,000 ",,,MLE,"$36,618,520 "
Wesley Iwundu,"$1,618,520 ",,,,,,Cap Space,"$1,618,520 "
Abdel Nader,"$1,618,520 ","$1,752,950 ",,,,,Cap Space,"$1,618,520 "
Damyean Dotson,"$1,618,520 ",,,,,,Minimum Salary,"$1,618,520 "
Frank Jackson,"$1,618,520 ",,,,,,MLE,"$1,618,520 "
Sterling Brown,"$1,618,520 ",,,,,,MLE,"$1,618,520 "
Dwayne Bacon,"$1,618,520 ",,,,,,MLE,"$1,618,520 "
Semi Ojeleye,"$1,618,520 ","$1,752,950 ",,,,,Cap space,"$1,618,520 "
Chris Boucher,"$1,588,231 ",,,,,,Minimum Salary,"$1,588,231 "
Malcolm Miller,"$1,588,231 ",,,,,,Minimum Salary,"$1,588,231 "
Monte Morris,"$1,588,231 ","$1,663,861 ",,,,,Minimum Salary,"$1,588,231 "
Mitchell Robinson,"$1,559,712 ","$1,663,861 ","$1,802,057 ",,,,MLE,"$1,559,712 "
Vlatko Čančar,"$1,517,981 ","$898,310 ","$1,782,621 ",,,,MLE,"$2,416,291 "
Isaiah Roby,"$1,500,000 ","$1,517,981 ","$1,782,621 ","$1,930,681 ",,,MLE,"$3,017,981 "
Nigel Williams-Goss,"$1,500,000 ","$1,517,981 ","$1,782,621 ",,,,Cap Space,"$1,500,000 "
J.R. Smith,"$1,456,667 ","$1,456,667 ","$1,456,666 ",,,,,"$4,370,000 "
Shake Milton,"$1,445,697 ","$1,701,593 ","$1,846,738 ","$1,997,718 ",,,Cap Space,"$4,994,028 "
Thanasis Antetokounmpo,"$1,445,697 ","$1,701,593 ",,,,,Minimum Salary,"$3,147,290 "
Amile Jefferson,"$1,445,697 ",,,,,,,"$1,445,697 "
Theo Pinson,"$1,445,697 ","$1,701,593 ",,,,,Minimum Salary,"$1,445,697 "
Brad Wanamaker,"$1,445,697 ",,,,,,Minimum Salary,"$1,445,697 "
Derrick Walton,"$1,445,697 ",,,,,,,"$1,445,697 "
Ryan Broekhoff,"$1,443,842 ",,,,,,,"$1,443,842 "
Gary Trent,"$1,416,852 ","$1,663,861 ",,,,,MLE,"$3,080,713 "
Isaac Bonga,"$1,416,852 ","$1,663,861 ",,,,,Cap Space,"$1,416,852 "
Chimezie Metu,"$1,416,852 ","$1,663,861 ",,,,,MLE,"$1,416,852 "
Jevon Carter,"$1,416,852 ",,,,,,MInimum Salary,"$1,416,852 "
Elie Okobo,"$1,416,852 ","$1,663,861 ","$1,802,057 ",,,,Cap Space,"$1,416,852 "
Melvin Frazier,"$1,416,852 ","$1,663,861 ",,,,,MLE,"$1,416,852 "
Deonte Burton,"$1,416,852 ","$1,663,861 ",,,,,Minimum Salary,"$1,416,852 "
Hamidou Diallo,"$1,416,852 ","$1,663,861 ",,,,,MLE,"$1,416,852 "
Kenrich Williams,"$1,416,852 ",,,,,,Minimum Salary,"$1,416,852 "
Jarred Vanderbilt,"$1,416,852 ","$1,663,861 ",,,,,Cap Space,"$1,416,852 "
Duncan Robinson,"$1,416,852 ","$1,663,861 ",,,,,MLE,"$1,416,852 "
Kendrick Nunn,"$1,416,852 ","$1,663,861 ",,,,,Minimum Salary,"$1,416,852 "
De'Anthony Melton,"$1,416,852 ",,,,,,Cap Space,"$1,416,852 "
Alize Johnson,"$1,416,852 ",,,,,,Minimum Salary,"$1,416,852 "
Isaiah Hartenstein,"$1,416,852 ",,,,,,,"$1,416,852 "
Sviatoslav Mykhailiuk,"$1,416,852 ","$1,663,861 ",,,,,Cap Space,"$1,416,852 "
Bruce Brown,"$1,416,852 ","$1,663,861 ",,,,,MLE,"$1,416,852 "
Keita Bates-Diop,"$1,416,852 ","$1,663,861 ",,,,,MLE,"$1,416,852 "
Devonte' Graham,"$1,416,852 ","$1,663,861 ",,,,,MLE,"$1,416,852 "
Jalen Brunson,"$1,416,582 ","$1,663,861 ","$1,802,057 ",,,,Cap Space,"$3,080,443 "
Bruno Fernando,"$1,400,000 ","$1,517,981 ","$1,782,621 ",,,,Cap space,"$4,700,602 "
Jaylen Nowell,"$1,400,000 ","$1,517,981 ","$1,782,621 ","$1,930,681 ",,,MLE,"$1,400,000 "
Alfonzo McKinnie,"$1,361,046 ","$1,762,796 ","$1,910,860 ","$2,165,298 ",,,MLE,"$2,253,031 "
Kevin Porter,"$1,290,960 ","$2,033,160 ","$2,130,240 ","$3,845,083 ",,,1st Round Pick,"$3,324,120 "
Carsen Edwards,"$1,228,026 ","$1,517,981 ","$1,782,621 ","$1,930,681 ",,,Cap space,"$4,528,628 "
Cody Martin,"$1,173,310 ","$1,517,981 ","$1,782,621 ",,,,MLE,"$4,473,912 "
Gary Payton,"$1,090,781 ",,,,,,Minimum Salary,"$1,090,781 "
George Hill,"$1,000,000 ",,,,,,,"$21,000,000 "
Terance Mann,"$1,000,000 ","$1,517,984 ","$1,782,621 ","$1,930,681 ",,,Minimum Salary,"$2,517,984 "
Jonathon Simmons,"$1,000,000 ",,,,,,,"$1,000,000 "
Justin Hamilton,"$1,000,000 ",,,,,,,"$1,000,000 "
Kyle Singler,"$999,200 ","$999,200 ","$999,200 ","$999,200 ",,,,"$3,996,800 "
Marvin Williams,"$956,349 ",,,,,,Minimum Salary,"$956,349 "
David Nwaba,"$903,111 ","$1,862,250 ",,,,,MLE,"$903,111 "
Admiral Schofield,"$898,310 ","$1,517,981 ","$1,782,621 ",,,,MLE,"$4,198,912 "
KZ Okpala,"$898,310 ","$1,517,981 ","$1,782,621 ",,,,MLE,"$4,198,912 "
Eric Paschall,"$898,310 ","$1,517,981 ","$1,782,621 ",,,,MLE,"$4,198,912 "
Nicolas Claxton,"$898,310 ","$1,517,981 ","$1,782,621 ",,,,Minimum Salary,"$4,198,912 "
Justin James,"$898,310 ","$1,517,981 ","$1,782,621 ",,,,Minimum Salary,"$2,416,291 "
Jalen Lecque,"$898,310 ","$1,517,981 ","$1,782,621 ","$1,930,681 ",,,Cap Space,"$2,416,291 "
Ignas Brazdeikis,"$898,310 ","$1,517,981 ","$1,782,621 ",,,,Minimum Salary,"$2,416,291 "
Talen Horton-Tucker,"$898,310 ","$1,517,981 ",,,,,Minimum Salary,"$2,416,291 "
Daniel Gafford,"$898,310 ","$1,517,981 ","$1,782,621 ","$1,930,681 ",,,Minimum Salary,"$2,416,291 "
Alen Smailagić,"$898,310 ","$1,517,981 ","$1,782,621 ","$1,930,681 ",,,MLE,"$2,415,891 "
Matt Thomas,"$898,310 ","$1,517,981 ","$1,782,621 ",,,,MLE,"$1,623,310 "
Miye Oni,"$898,310 ","$1,517,981 ","$1,782,621 ",,,,Minimum Salary,"$898,310 "
Dewan Hernandez,"$898,310 ","$1,517,981 ","$1,782,621 ",,,,MLE,"$898,310 "
Terence Davis,"$898,310 ","$1,517,981 ",,,,,Minimum Salary,"$898,310 "
Wenyen Gabriel,"$898,310 ",,,,,,Minimum Salary,"$898,310 "
Naz Reid,"$898,310 ","$1,517,981 ","$1,782,621 ","$1,930,681 ",,,MLE,"$898,310 "
Jalen McDaniels,"$898,310 ","$1,517,981 ","$1,782,621 ","$1,930,681 ",,,Minimum Salary,"$898,310 "
Caleb Martin,"$898,310 ","$1,517,981 ","$1,782,621 ",,,,Minimum Salary,"$898,310 "
Shaquille Harrison,"$898,310 ",,,,,,Minimum Salary,"$898,310 "
Javonte Green,"$898,310 ","$1,517,981 ",,,,,Minimum Salary,"$898,310 "
Damion Lee,"$842,327 ","$1,762,796 ","$1,910,860 ",,,,MLE,"$1,442,327 "
Khyri Thomas,"$838,464 ","$1,663,861 ",,,,,MLE,"$838,464 "
DeMarre Carroll,"$811,447 ",,,,,,Minimum Salary,"$811,447 "
Michael Kidd-Gilchrist,"$810,763 ",,,,,,Minimum Salary,"$810,763 "
Marquese Chriss,"$758,804 ",,,,,,,"$2,213,272 "
Juwan Morgan,"$746,054 ",,,,,,Minimum Salary,"$746,054 "
Patrick Patterson,"$737,067 ","$737,067 ","$737,066 ",,,,,"$2,211,200 "
Reggie Jackson,"$734,025 ",,,,,,Minimum Salary,"$734,025 "
Alfonzo McKinnie,"$708,871 ",,,,,,,"$2,253,031 "
Gary Clark,"$708,426 ",,,,,,,"$708,426 "
Jeff Green,"$695,526 ",,,,,,Minimum Salary,"$840,427 "
Cole Aldrich,"$685,340 ","$685,340 ",,,,,,"$1,370,680 "
Shaun Livingston,"$666,667 ","$666,667 ","$666,666 ",,,,,"$2,666,666 "
Marquese Chriss,"$654,468 ","$1,824,003 ",,,,,Minimum Salary,"$2,213,272 "
Timothé Luwawu-Cabarrot,"$654,468 ","$1,824,003 ",,,,,Minimum Salary,"$844,170 "
Rayjon Tucker,"$578,573 ","$1,517,981 ",,,,,Minimum Salary,"$578,574 "
Chris Clemons,"$568,422 ","$1,517,981 ","$1,782,621 ",,,,MLE,"$568,422 "
Gary Clark,"$555,409 ",,,,,,Minimum Salary,"$718,765 "
Brandon Goodwin,"$522,738 ","$1,701,593 ",,,,,Minimum Salary,"$522,738 "
Dion Waiters,"$503,656 ",,,,,,Minimum Salary,"$503,656 "
Ryan Anderson,"$500,000 ",,,,,,,"$500,000 "
Anžejs Pasečņiks,"$482,144 ",,,,,,Minimum Salary,"$482,144 "
Troy Daniels,"$481,000 ",,,,,,Minimum Salary,"$481,000 "
Chris Silva,"$466,918 ","$1,517,981 ","$1,782,621 ",,,,MLE,"$1,984,899 "
Dakari Johnson,"$459,414 ","$459,414 ",,,,,,"$918,828 "
Iman Shumpert,"$419,443 ",,,,,,,"$419,443 "
Max Strus,"$415,414 ",,,,,,,"$415,414 "
Justin Robinson,"$395,866 ",,,,,,,"$395,866 "
Dean Wade,"$375,000 ","$1,517,981 ","$1,782,621 ","$1,930,681 ",,,MLE,"$375,000 "
Ivan Rabb,"$371,758 ",,,,,,,"$371,758 "
Norvel Pelle,"$350,189 ",,,,,,Minimum Salary,"$350,189 "
Ky Bowman,"$350,189 ","$1,517,981 ","$1,782,621 ",,,,MLE,"$350,189 "
Juan Toscano-Anderson,"$350,189 ","$1,517,981 ","$1,782,621 ",,,,MLE,"$350,189 "
A.J. Hammons,"$350,087 ","$350,087 ",,,,,,"$700,174 "
Festus Ezeli,"$333,333 ",,,,,,,"$333,333 "
C.J. Watson,"$333,333 ",,,,,,,"$333,333 "
Anthony Tolliver,"$289,803 ",,,,,,Minimum Salary,"$434,704 "
Joakim Noah,"$289,803 ","$1,737,274 ",,,,,Minimum Salary,"$434,704 "
Corey Brewer,"$289,803 ",,,,,,Minimum Salary,"$289,803 "
J.R. Smith,"$289,803 ",,,,,,Minimum Salary,"$289,803 "
Michael Beasley,"$289,803 ",,,,,,Minimum Salary,"$289,803 "
Jamal Crawford,"$289,803 ",,,,,,Minimum Salary,"$289,803 "
Stanton Kidd,"$250,000 ",,,,,,,"$250,000 "
Jordan Bell,"$250,000 ",,,,,,MLE,"$250,000 "
Tyler Zeller,"$245,686 ","$2,436,046 ",,,,,Minimum Salary,"$245,686 "
Trey Burke,"$229,220 ",,,,,,Minimum Salary,"$229,220 "
Joe Johnson,"$220,000 ",,,,,,,"$220,000 "
Tyler Johnson,"$212,753 ",,,,,,Minimum Salary,"$212,753 "
Jemerrio Jones,"$199,000 ",,,,,,,"$199,000 "
Jontay Porter,"$197,933 ","$1,517,981 ",,,,,Minimum Salary,"$197,933 "
Jerian Grant,"$196,288 ",,,,,,Minimum Salary,"$196,288 "
Cameron Payne,"$196,288 ","$1,977,011 ",,,,,Minimum Salary,"$196,288 "
Timothé Luwawu-Cabarrot,"$189,702 ",,,,,,,"$844,170 "
Dragan Bender,"$189,702 ",,,,,,Minimum Salary,"$189,702 "
Mychal Mulder,"$187,782 ","$1,517,981 ","$1,782,621 ",,,,Minimum Salary,"$238,534 "
Justin Patton,"$183,115 ","$1,762,796 ",,,,,Minimum Salary,"$183,115 "
PJ Dozier,"$183,115 ",,,,,,MLE,"$183,115 "
Alfonzo McKinnie,"$183,114 ",,,,,,,"$2,253,031 "
Gary Clark,"$163,356 ",,,,,,,"$718,765 "
Jaylen Adams,"$163,356 ",,,,,,Minimum Salary,"$163,356 "
Ryan Broekhoff,"$163,356 ",,,,,,Minimum Salary,"$163,356 "
Joe Chealey,"$163,356 ",,,,,,Minimum Salary,"$163,356 "
Luguentz Dort,"$155,647 ","$1,517,981 ","$1,782,621 ","$1,930,681 ",,,Minimum Salary,"$2,298,628 "
Cameron Payne,"$150,000 ",,,,,,,"$150,000 "
Jeff Green,"$144,901 ",,,,,,,"$840,427 "
Anthony Tolliver,"$144,901 ",,,,,,,"$434,704 "
Joakim Noah,"$144,901 ",,,,,,,"$434,704 "
Troy Williams,"$122,741 ","$122,741 ","$122,741 ","$122,741 ",,,,"$490,964 "
Johnathan Williams,"$106,181 ",,,,,,,"$106,181 "
Tyler Cook,"$101,504 ",,,,,,,"$151,504 "
Donta Hall,"$101,504 ",,,,,,,"$101,504 "
Yante Maten,"$100,000 ",,,,,,,"$100,000 "
Jaylen Adams,"$100,000 ",,,,,,,"$100,000 "
Justin Anderson,"$98,144 ",,,,,,,"$98,144 "
Demetrius Jackson,"$92,857 ","$92,857 ","$92,857 ","$92,857 ","$92,857 ",,,"$464,285 "
Jeremy Pargo,"$91,557 ",,,,,,,"$91,557 "
Chasson Randle,"$91,557 ",,,,,,Minimum Salary,"$91,557 "
Jonah Bolden,"$81,678 ",,,,,,,"$81,678 "
Josh Magette,"$81,678 ",,,,,,,"$81,678 "
Jarrod Uthoff,"$81,678 ",,,,,,,"$81,678 "
Dusty Hannahs,"$81,678 ",,,,,,,"$81,678 "
Derrick Walton,"$81,678 ",,,,,,,"$81,678 "
J.P. Macura,"$81,678 ",,,,,,,"$81,678 "
Sheldon Mac,"$81,678 ",,,,,,Minimum Salary,"$81,678 "
Mychal Mulder,"$50,752 ",,,,,,,"$238,534 "
Eric Mika,"$50,752 ",,,,,,,"$50,752 "
Zach Norvell,"$50,752 ",,,,,,,"$50,752 "
Malik Newman,"$50,752 ",,,,,,,"$50,752 "
Marques Bolden,"$50,752 ",,,,,,,"$50,752 "
Sir'Dominic Pointer,"$50,752 ",,,,,,Minimum Salary,"$50,752 "
Paul Watson,"$50,752 ",,,,,,,"$50,752 "
Tyler Cook,"$50,000 ",,,,,,,"$151,504 "
William Howard,"$50,000 ",,,,,,,"$50,000 "
Isaiah Taylor,"$50,000 ",,,,,,,"$50,000 "
Tyler Lydon,"$50,000 ",,,,,,,"$50,000 "
Hollis Thompson,"$50,000 ",,,,,,,"$50,000 "
Tyler Ulis,"$50,000 ",,,,,,,"$50,000 "